currency_name, currency_code, currency_symbol
Leke, ALL, Lek 
 Dollars, USD, $
 Afghanis, AFN, ؋
 Pesos, ARS, $
 Guilders, AWG, ƒ
 Dollars, AUD, $
 New Manats, AZN, ман
 Dollars, BSD, $
 Dollars, BBD,$
 Rubles, BYR, p.
 Euro, EUR, €
 Dollars, BZD, BZ$
 Dollars, BMD, $
 Bolivianos, BOB, $b
 Convertible Marka, BAM, KM
 Pula, BWP, P
 Leva, BGN , лв
 Reais, BRL, R$
 Pounds, GBP, £
 Dollars, BND, $
 Riels, KHR, ៛
 Dollars, CAD, $
 Dollars, KYD, $
 Pesos, CLP, $
 Yuan Renminbi, CNY, ¥
 Pesos, COP, $
 Colón, CRC, ₡
 Kuna, HRK, kn
 Pesos, CUP, ₱
 Koruny, CZK, Kč
 Kroner, DKK, kr
 Pesos, DOP, RD$
 Dollars, XCD, $
 Pounds, EGP, £
 Colones, SVC, $
 Pounds, FKP, £
 Dollars, FJD, $
 Cedis, GHC, ¢
 Pounds, GIP, £
 Quetzales, GTQ, Q
 Pounds, GGP, £
 Dollars, GYD, $
 Lempiras, HNL, L
 Dollars, HKD, $
 Forint, HUF, Ft
 Kronur, ISK, kr
 Rupiahs, IDR, Rp
 Rials, IRR, ﷼
 Pounds, IMP, £
 New Shekels, ILS, ₪
 Dollars, JMD, J$
 Yen, JPY, ¥
 Pounds, JEP, £
 Tenge, KZT, лв
 Won, KPW, ₩
 Won, KRW, ₩
 Soms, KGS,лв
 Kips, LAK, ₭
 Lati, LVL, Ls
 Pounds, LBP, £
 Dollars, LRD, $
 Switzerland Francs, CHF, CHF
 Litai, LTL, Lt
 Denars, MKD, ден
 Ringgits, MYR, RM
 Rupees, MUR, ₨
 Pesos, MXN, $
 Tugriks, MNT, ₮
 Meticais, MZN, MT
 Dollars, NAD, $
 Rupees, NPR, ₨
 Guilders, ANG, ƒ
 Dollars, NZD, $
 Cordobas, NIO, C$
 Nairas, NGN, ₦
 Krone, NOK, kr
 Rials, OMR, ﷼
 Rupees, PKR, ₨
 Balboa, PAB, B/.
 Guarani, PYG, Gs
 Nuevos Soles, PEN, S/.
 Pesos, PHP, Php
 Zlotych,PLN, zł
 Rials, QAR, ﷼
 New Lei, RON, lei
 Rubles, RUB, руб
 Pounds, SHP, £
 Riyals, SAR, ﷼
 Dinars, RSD, Дин.
 Rupees, SCR, ₨
 Dollars, SGD, $
 Dollars, SBD, $
 Shillings, SOS, S
 Rand, ZAR, R
 Rupees,LKR, ₨
 Kronor, SEK, kr
 Dollars, SRD, $
 Pounds, SYP, £
 New Dollars, TWD, NT$
 Baht, THB, ฿
 Dollars, TTD, TT$
 Lira, TRY, ₺
 Liras, TRL, £
 Dollars, TVD, $
 Hryvnia, UAH, ₴
 Pesos, UYU, $U
 Sums, UZS, лв
 Bolivares Fuertes, VEF, Bs
 Dong, VND, ₫
 Rials, YER, ﷼
 Zimbabwe Dollars, ZWD, Z$
 Rupees, INR, ₹
